{
  "class": "Image.SheetOfLight.Model",
  "data":
  {
    "FileVersion": 1,
    "CurrentState": "CALIBRATED",
    "SkewMode": "XZ_NOT_IN_LIGHT_PLANE",
    "CalibrationError": 0.05294253688293153,
    "CalibrationErrorMax": 0.12933628261322363,
    "AlignmentError": 1.79769313486231574e+308,
    "AlignmentErrorMax": 1.79769313486231574e+308,
    "FocalLength": 10000,
    "SensorSize": 
    {
      "x": 2560,
      "y": 832
    },
    "LensCenter": 
    {
      "x": 1.29165780966181432e+03,
      "y": 489.20127345879774338
    },
    "Skew": 
    {
      "x": 0,
      "y": 1,
      "z": 0
    },
    "Homography":
    [ [1.62541206668987501e+03, -1.53352738929913425e+03, 186.05565169057547336],  [16.91481335091989279, -3.43557592888188446e+03, -1.83953982561970939],  [-0.05138879751289221, -8.61593086390812779, 1]
    ],
    "Pose":
    [ [1, 0, 0, 0],  [0, 1, 0, 0],  [0, 0, 1, 0],  [0, 0, 0, 1]
    ],
    "LensCoefficients": [3.93253073180321699, 0, 0, 0, 0, 0, 0]
  }
}