{
  "class": "Image.SheetOfLight.Model",
  "data":
  {
    "FileVersion": 1,
    "CurrentState": "CALIBRATED",
    "SkewMode": "XZ_NOT_IN_LIGHT_PLANE",
    "CalibrationError": 0.03163697569483665,
    "CalibrationErrorMax": 0.07102799316848616,
    "AlignmentError": 1.79769313486231574e+308,
    "AlignmentErrorMax": 1.79769313486231574e+308,
    "FocalLength": 10000,
    "SensorSize": 
    {
      "x": 2560,
      "y": 832
    },
    "LensCenter": 
    {
      "x": 1.25741659818248990e+03,
      "y": 489.47164252190106026
    },
    "Skew": 
    {
      "x": 0,
      "y": 1,
      "z": 0
    },
    "Homography":
    [ [1.63887673770508968e+03, -1.17257907947427452e+03, 140.40572568220250104],  [27.66020088107776331, -3.27062482870069106e+03, -23.75252883925161384],  [-0.00531441211694307, -8.64213274708159850, 1]
    ],
    "Pose":
    [ [1, 0, 0, 0],  [0, 1, 0, 0],  [0, 0, 1, 0],  [0, 0, 0, 1]
    ],
    "LensCoefficients": [4.14422499597986249, 0, 0, 0, 0, 0, 0]
  }
}